hashed_email_address,program,campaign_06/25/2020
57f2085ecbe3b2553bbee32480d36a5d,Data Science,Control
4c75a0378eda0b501b5fd4d633142bea,Data Science,Control
81be4941aefcbd8b0db292f35f8bc77a,Data Science,Control
7084997fcef704e7e94ec3863a635861,Data Science,Control
b7f1a52c916012f8db1c4867ab530e73,Artificial Intelligence,Control
08f73b4d23036628208ab0ad2075d14c,Data Science,Control
265fa126ba77312cf9bd367e60731333,Data Science,Control
b9c3e251f8059704a8acab6b0472aedb,Artificial Intelligence,Control
02494efb0a4d2046d3abcf20e4b17793,Health Data Science,Control
7db4ab83d0249d112f905abc1ffb2f4f,Data Science,Control
69c13a45e7f9e97a70afbfd9b86c1fdf,Data Science,Control
f7cfc7b259a81dd70277683321bb4795,Data Engineering,Control
70402327cbdcae7bf7fbf8a5818c9541,Artificial Intelligence,Control
f7ae84ed788f50d4cac34a3256fd9505,Data Science,Control
883fea40ae06cab1f637e2ec531c8144,Health Data Science,Control
44709bbef1484af58cb3d553944e39ec,Artificial Intelligence,Control
f2ee76ffb3c9291a38e847b38faa9adb,Data Science,Control
fc3e7688807c53be9b1654903af04cb3,Artificial Intelligence,Control
5eed29fd5041bdf9643d6d2f403fee0b,Data Science,Control
08215816d90481fa13facfe72e10955f,Data Science,Control
63d75cb69ff60f5702b482dcfcd442dd,Data Engineering,Control
b989712d166ee322944150c9666f49e0,Data Science,Control
cf778f92e8a5e53384556b3a6daf9ab1,Health Data Science,Control
12be3e8fe1abdf2a5fdceea4b94a070f,Data Science,Control
e011e87b279b4b0783461a4710c66cd6,Data Science,Control
7e5afee8ef3227e8e6143a36d4275126,Data Science,Control
df8a9220c2ec775bfa4e9beb8ae5512e,Data Science,Control
c7258ff324a5c6c14437f9a4b58dcd80,Data Science,Control
28ec59ca06d6a36a3322335f6d8cc747,Data Science,Control
d5d97d6d3ae1ab0f507c7036212e8e17,Data Engineering,Control
58fa995032b1c5e6ad58ba42368de16b,Data Engineering,Control
3be4bd3a63ae58bdb312bbc1f1871349,Data Science,Control
847910e0957b3e188a274111e4efe9f4,Artificial Intelligence,Control
2de6cd72b277679065ee2fb410ae1cbb,Health Data Science,Control
29f42cdd67f65ee2edf36173547baac3,Data Science,Control
f5453296d98a4b4b25b3ab10809f1f07,Data Science,Control
e4bcbcb7ee840a86f5fec24fe22087b0,Data Science,Control
994cf9f71a1815d31fb369dacaa645a5,Artificial Intelligence,Control
952e60f095d8f73a303d9cdb1623fb68,Artificial Intelligence,Control
b4f39f69e4fc6ec4b3546ccc0437b8c0,Data Science,Control
55671b4dd4c77687643d9a2f785ad3dd,Data Science,Control
1b5308efef03e4afc3bffd581fe01dad,Data Science,Control
408aabc1b8ce32ef5b9067ef12c61b72,Data Science,Control
f9d48a721df11c9655cab0b45fbe4075,Data Science,Control
b51acd696523212fcfa4743695c0117d,Data Science,Control
a26a027e6166d0343a954a65722b458f,Data Science,Control
9d8bd1bba824cc11a49058047e227bfa,Data Science,Control
4317ee44624b44b3885eadfe17b6c8da,Data Science,Control
ca76b3b2812e4a38232375d934e6e4e7,Data Science,Control
057becc441ee4d3c1251a713c4e16d91,Data Science,Control
e28fea0b5c51429924efe328b5e683ce,Artificial Intelligence,Control
6472f457714fab1078f8373102e90dd8,Data Science,Control
b97fc3c4d5379772a37f477cb95117d2,Data Engineering,Control
b24ed1691809c8d422a0a41813ab545a,Artificial Intelligence,Control
1c32d60dca218b1b4a00b8fd16723b9b,Data Science,Control
f88935f77dca8cc4b8a6a86029e59d86,Data Science,Control
d5fdaba269158287079237cbb383d5ca,Data Science,Control
ac545a6f91a7a48445daf0c5288f9316,Data Science,Control
52445572f9d919ca30b2afca50fd651c,Data Science,Control
b96799bc9f54712f6ba73bad47f620fe,Health Data Science,Control
be89f3122735bc15666215031d0c3fc9,Artificial Intelligence,Control
0570eabe930b45aeea1819c482422f3c,Data Science,Control
cc3f57f69b887075b32553c9ca9c3031,Data Science,Control
35a1c067ebd8aaa347a5a7e67870335d,Data Engineering,Control
6e04cc1207b57a89178ecc7f37012d43,Data Science,Control
385460f1cc7314d5580ab38f4769ae8f,Data Science,Control
3c041b3b577d68fe8fd1774cde2fab8d,Data Engineering,Control
2e40f2a271365fa1352971854515cdc9,Artificial Intelligence,Control
986c222746f96718aa133d96d533d17b,Data Science,Control
02b6a3d3a7d0fb6c8384df2bb35f2ced,Data Science,Control
bcb46a79a3a0f230c6a83ff6f65293ee,Artificial Intelligence,Control
662537d211641560e6db077141346507,Data Science,Control
93dc2f18bda5edf319dd50075a3f88d3,Data Engineering,Control
06a053b73c32b0e1be7e03c6796711c3,Data Science,Control
52bc77184028f16734cf7331982bbad2,Artificial Intelligence,Control
307f2c97d5e45117fa21f7072bccb029,Health Data Science,Control
7f2fb5767e137001ed77d31534d26e1b,Data Science,Control
0df6254f99d79577f7b3b8eb766cb7ea,Data Science,Control
4d91de0f3332cfafde7138cf0eadcae9,Data Science,Control
d3f2e50dbd0b2acf18dc623b29e2deac,Data Science,Control
cce4b9a72bba631ab81599b31905cab6,Data Science,Control
d4dc140b524e2af4e903b2c5d3cbf76b,Data Engineering,Control
4ca4b6a367e8099177e5259ac2221b85,Data Science,Control
6a7761e694830f51e41e4795b1a6457b,Data Science,Control
39eb402eeb0b4b5f8f9a4ad4db1a7e8e,Artificial Intelligence,Control
b1579d35252e3ae8ae0dd55a1ee97695,Data Engineering,Control
644af8231c6b0a7787c4cff2baa75923,Data Science,Control
fcd0f78dc508e4f479e0b28b2601c848,Health Data Science,Control
cbfc89e1e0ea6364de815c999bf3333c,Data Science,Control
7fbc1a295d839497db4311b8bf736af7,Data Science,Control
e61bd2e456fa148fbf5e1ba219e9b93f,Data Science,Control
24ed5e09bf15398a1a21cb695ba998ba,Health Data Science,Control
e03e4caf52e6842690d2e243a7f9c3ba,Data Science,Control
4cad0c3d6f27ba284841e38a7247466e,Data Engineering,Control
9a0bcd0552159f26cda67b3781ceda03,Data Science,Control
924096557bfaf4b9348e86bbc3989162,Data Engineering,Control
e54f80390ee53cb0ccbb9012e4d892cc,Artificial Intelligence,Control
28f255871d359d350ad0d03794928450,Data Science,Control
87becf1b757a2f5b97e99ed3f04d52d0,Data Science,Control
7ba7ed4ea9a417e7e67f5e10b00aca59,Data Science,Control
0a8da4d2334f7a8401e6c9e4bd32fa70,Data Science,Control
fbab97566bc757b3392e3f702f6e3299,Data Science,Control
148c39a7cc31e93181f35c59a09712f6,Data Engineering,Control
5e33064f3c7197e9eddf8ca0e9c30f3e,Data Science,Control
2c99056e28debf33780e337d36c6e3a7,Data Science,Control
8a9edab90877bdf1963b412e72844fc4,Health Data Science,Control
ecfb934453d19fc293d742fb00d46831,Artificial Intelligence,Control
55bd723d4d7cad9a16524feaf99ec76c,Data Science,Control
8a5fe6c6b2b57bbb7b645558e239a3d2,Data Science,Control
c0350bac2f83a6bcc10d6ad5f9cb9fbd,Data Science,Control
cb53f61c04ed523d18cef608121c32e6,Artificial Intelligence,Control
3a274fb6d7a6ba0a48e758ca66113bd6,Data Science,Control
7148b44ffd3728258599c906fe9a9226,Data Engineering,Control
f7d2df6de144f30eed07b8b903015b70,Data Engineering,Control
44db30f7452acb98d22d7fdbbb20ba20,Data Science,Control
779f8990a8c7aa4bb5d74e9d473af3f1,Data Engineering,Control
2306eef3f674a317237cdb00345fc4b0,Data Science,Control
19672a65f3b9c0c6c91e57a8a6564639,Data Engineering,Control
63453bef9115d7a35c35db83b96e681f,Health Data Science,Control
32c5e781a93386951b25358075ad4cd4,Data Science,Control
e5379047ead03e5ff3ca1428f45a460a,Health Data Science,Control
e354e92a0f57e92931151e1c9edf1e47,Data Science,Control
1bcf44285a696ef282bbcd92dc4ba6a5,Data Science,Control
424f9d4ec19ca4a91a232a31c79faec7,Data Engineering,Control
70425634c24c640b198eb00b2113dabe,Data Science,Control
f0ec57b95110baf2f829caf2ffc52b41,Data Engineering,Control
489c7a75fe4955cf37541ddd17d3dec3,Data Engineering,Control
e5a41a54446926a499e642fa5d843819,Health Data Science,Control
a0d293b35244a07089c201e79643367a,Data Science,Control
3db3c977a140fe9c0368b02a05a18bdf,Data Science,Control
43fcefa452c22b30ddb84bff15678ddd,Data Science,Control
11f08d3595f31817e004287faa9a5d13,Data Science,Control
2a71c6b0dce69f07276200e6fedfeb3c,Data Science,Control
d58c43346573f0189d319218d30cd24b,Artificial Intelligence,Control
2d9226003c5d22f46301c7d32747c198,Artificial Intelligence,Control
059e91043f7d17f8ca659599a2879ee1,Data Science,Control
4802d37d9cf195af7a84443dc831f7e7,Health Data Science,Control
479c14d828cf5cfca441c2412f2ab16c,Data Science,Control
6211da5ec0277f221e5aa3ec957a2db5,Data Engineering,Control
444da47ce6b84c3997088235f92b6d99,Health Data Science,Control
d09c4afeed01dcbc68d159049304877d,Health Data Science,Control
d903a9420a5cad8481740e88c5058d9a,Artificial Intelligence,Control
012812d53030b4f44e1a789d1a2fd53e,Data Engineering,Control
ebca6aa6214f171759fa31b824f85be3,Artificial Intelligence,Control
b2071ddedbbfd642afcb60e580341ea8,Data Engineering,Control
f9d2c9344c9e0a6bcb6c04f738c1fcb8,Artificial Intelligence,Control
0054d456b531995caf1aef523686fec7,Data Science,Control
d07569aa7c4fc7f7267f7c2eaaa09b83,Artificial Intelligence,Control
9b596498b70a76fdaefdcaadbbf95c01,Data Science,Control
b8923886a1657ecbb4cf24a4e9cce759,Data Science,Control
8e4ad6de42f981c1741f5b93143e904d,Data Science,Control
8e7b1f368ed3e9118e921c35d37a2ac7,Data Science,Control
5145862489f1786aa631447a41bf0725,Data Science,Control
25e427e2039b6112a43d08bee3aa8fc1,Data Engineering,Control
fb62f8b28c5b888f9e9c294a85bec676,Health Data Science,Control
cff424a0968e31a607748489250db270,Artificial Intelligence,Control
203bb66b5229aa85369bc9ace1ca4227,Data Science,Control
7bccfdb02d1df7d0011879d36e83d446,Data Science,Control
d67313db10aacc074c4b4412a0238a93,Data Science,Control
0a2bec7a5739f42a8ef3d552ae045589,Health Data Science,Control
6f2630c4f760006c765abf6cc790875c,Data Engineering,Control
4fadbde837e4a522c5a248b379cd8880,Data Engineering,Control
daa2091efaf4045fa5906ba35f0ebae2,Data Science,Control
1389dd6706200ad611eab6ec5ec1f386,Health Data Science,Control
3a6169b10bab8491052dc18ca633ea76,Data Science,Control
15f6322bf3fed7397b618c40f6c2b428,Data Science,Control
515180b98840bee30106ced0941998b9,Data Science,Control
32be12acdcc150d5e8c3937ce20d481a,Artificial Intelligence,Control
87a7f32ed57bf92d8ca90eb064c0105a,Data Science,Generic
4d48f2b1273adfbea88d2a6dd6122f95,Data Science,Generic
2272deb7a25a9cedabfcf13450896a13,Artificial Intelligence,Generic
361d64743f67cf1a82cf646ddcb7c3c8,Data Science,Generic
005944df708ac3b3b0a24fed193d2fd5,Data Engineering,Generic
83a728be667867f23933e45a2bd6378d,Data Science,Generic
05fca6e4c886782a63b04a34a7b731c2,Data Science,Generic
3893aab3ae4476331cfe6e34e108d0f8,Artificial Intelligence,Generic
73c7259c75b8dc11dbfb6e53a2edcc34,Data Engineering,Generic
4f2da3ad43015d9e5634e0e5a5964e0d,Data Science,Generic
20d5cdb743abd08d6fa1a62e94ff854a,Health Data Science,Generic
91ea324a7df1ab57e54edd86a9c54c15,Data Science,Generic
6ee6082e76d96526196cc519a8c51b74,Data Engineering,Generic
f469e3479df9bd0c0f256ae9d4108f2c,Artificial Intelligence,Generic
ea70319c3d6f62d9c1ca87def0d01336,Artificial Intelligence,Generic
a47e4c386a042247584c8179412d757d,Data Science,Generic
1c44f6a5c3b535ba8b71537c3070fcef,Data Science,Generic
ac89e5f8246b6aa09331dc971f45f639,Data Science,Generic
f2bac2929cef1bd4891ab15ce408de0f,Artificial Intelligence,Generic
2e8dcdd6c806574968d7539fa155989d,Data Engineering,Generic
db78d413edb552df5c058c167e333660,Artificial Intelligence,Generic
58cddab679d37793cb223bcdcf4dd0eb,Artificial Intelligence,Generic
9eb4a6be9a74b42bc59525df1d0e2245,Data Science,Generic
ad7e16ccfc64bcfc6178fa070d76ee42,Data Science,Generic
f5bdd915835625ee62018346c2a40b4e,Data Science,Generic
64d2e6b0a6e1882ad4a5d5fa2742313c,Data Science,Generic
8b228f6dfbb35bf7fe0d8b7b8fd46416,Data Science,Generic
7760393ca55a2d172b6969b8bf8c38c4,Data Science,Generic
723d35b0e6f2646234d54a0d7872c87e,Data Science,Generic
f59290342d6913b6f04c6145bbe347a0,Data Science,Generic
43bef53e787e12fdc5204b5edb5d8c61,Data Science,Generic
e4d1859464ab2bdd1935d6e6bc4a5991,Data Science,Generic
92edc6fcdec165feb561f606721dc239,Data Engineering,Generic
1c1c98b8ecf2867eb4bb3d2b40d3e977,Data Science,Generic
a9582dbd21eac3b175b8eb261de70f47,Data Science,Generic
59039d45360e0cd276fae109e14ccbf4,Health Data Science,Generic
2c258b9500e951ada68b2642a4a7f6ca,Artificial Intelligence,Generic
319ab28c8331544a98db03fc733f859c,Artificial Intelligence,Generic
603ba13cd0439cf8892168f29e8137c2,Data Science,Generic
7c7dd7f9f2f8df1e1f9fc75cf77640b6,Data Engineering,Generic
10045787fea011b8de3820bc68ea771c,Data Science,Generic
350275ff077a1c65a794b1d015814353,Data Science,Generic
deaff25e0e54b3780970879cdf9f3d22,Data Science,Generic
d1506bc2a473d20802fb4668cda6d415,Data Engineering,Generic
de319e353fdd355cc3c46ad177bb9f2f,Data Engineering,Generic
9b497ef9df0d20e2d12412715ef7dea0,Data Science,Generic
327e0ae924150942ad32516e656aed33,Health Data Science,Generic
ab1a9602f106357125fad9b3d8b1ffe6,Data Science,Generic
1a0ffbe933acd196fcf17dff3c1e56ce,Artificial Intelligence,Generic
249e69f1a834d85cd3894b4b2eb58916,Data Science,Generic
265817a307e7aca15fdeae6475641c23,Artificial Intelligence,Generic
601ce38fcc34d2fbc9684d780330bbf7,Data Science,Generic
39643f0985148f3604fcafbc5207d536,Data Science,Generic
cd9f33f1c48d7ecfcd4d080b1fd0bed4,Artificial Intelligence,Generic
d13af44e2e9d5abfc19bd1526c427047,Data Science,Generic
e01f47c3be1878ccab94455ec1017528,Data Science,Generic
91f1c6561964d0a4334f722ebbe964eb,Data Science,Generic
5b762543655b16629fd7441c90481f14,Data Engineering,Generic
335ccebf9b772364b39ff4fa424624ac,Data Engineering,Generic
331bbdc7385e91b6f561875c3c0467c1,Data Engineering,Generic
f7141867eabb92d6a50f6377e52d0f41,Data Science,Generic
27777eb9dfc935d10ae41d1340339e34,Data Science,Generic
27f132912564d7866541e92dc43c792c,Data Science,Generic
09143f0f989d687880021184ae120794,Health Data Science,Generic
2c25acf39d8680c3ac0ff208c8b9a9f3,Data Science,Generic
e3e403baa58ce0c04b73f5ea1bfb5bef,Data Science,Generic
5cc016d09a1e0a71e4cf6f964d09737f,Data Science,Generic
a3d87fb9b3b4d7562d003f5699afab26,Data Science,Generic
275dc0be793a0b2017ad27734a44276e,Health Data Science,Generic
fa44b5a6f3310c0097aecb783e8948c4,Artificial Intelligence,Generic
77deb57a9b090accc6b140143a64683d,Artificial Intelligence,Generic
6a5f8c62483b479e32a130cd110ff85f,Data Science,Generic
01840c2474a3ae393840534f2b6fcf10,Data Science,Generic
b96306f3c553f7a2d277b77668225292,Data Science,Generic
b98e63564317c3ddd6288dadb37526b8,Health Data Science,Generic
5dc75efc03c66a1bc12512b8eb3553c6,Data Engineering,Generic
750acd89656a4196061b6cd76dfee4d8,Data Science,Generic
e96caa6aa3cf046e0847e4bf7c20ffdd,Data Science,Generic
f52b6566be4a544f8087f0c6aab97bea,Data Science,Generic
ff4cfdf3301e8809870d399d5c0a79f0,Data Science,Generic
dd6eee309b486e6b08a3394eda13751f,Data Engineering,Generic
4c2f45abd6aefdbd50c54ab1c739cd38,Data Science,Generic
92d23ed79553312d6f3895f6feef1461,Artificial Intelligence,Generic
28febdc4f0d556c8eb7d79c254e997dd,Data Science,Generic
3c1b0f41591d62ed7330fe693b725746,Data Science,Generic
0ce09a6e4d565b5443f08a0b7033afb3,Data Science,Generic
3259812db987f61d4595de99f1b3030a,Data Engineering,Generic
8caa70e35c40049f23f233d95fab6648,Artificial Intelligence,Generic
a235ddaa80e2d9e7427f2392c3277a34,Health Data Science,Generic
f547fc39ead3b4a278e77cbf5078de4b,Data Engineering,Generic
9fc5d2b9dd593dd7fffa921bc589f7e2,Data Science,Generic
b3f385fdfe0e43a548a6166a63105d61,Data Science,Generic
9a522e092bf76536cf1c14b9a29d03db,Data Science,Generic
c6ee52f855ae23fa6ff527e859bf0ed8,Artificial Intelligence,Generic
3d88a10291796e0ef5ba1956bda607d0,Data Science,Generic
ff22d88c1798778441d3601a0a15bcb5,Data Science,Generic
5b0972b4d6f73ebcec3b5dc057d83f59,Data Science,Generic
e4ae000ce163ee064e278fc6038aa1c6,Artificial Intelligence,Generic
0d3fef52fe94486fd2c69d72c982391c,Data Science,Generic
d67dec725f982aa41db792869c58c653,Data Engineering,Generic
560a1fcfc47fbe1ea749546f82157922,Data Science,Generic
d4cca4ee3f71e5ccb5a19f7a14ad19a1,Data Science,Generic
396dd32a61e78117b854689bc5e4129a,Data Science,Generic
576800fb9fb00ca5bce85cd00c4719fe,Data Science,Generic
b1383cb469f92587269dfdc4d5bb305c,Data Engineering,Generic
1c93d6b3ecc1e99a43039b66dac7ddc2,Data Engineering,Generic
b3c347a34bbcdf360832afcc1523ffbc,Data Science,Generic
2c86933221d52dc4ec33ee742e3c7630,Data Science,Generic
3fc8cd725538d411c0f7f10e3799f3f3,Artificial Intelligence,Generic
9e2d9d4cc53ceaec9ae56726780b1371,Data Science,Generic
08f80a89988a12c6bf820aacced8bd04,Artificial Intelligence,Generic
0544f62bdd38e89e188693489dc4b66a,Artificial Intelligence,Generic
bc1d17b2213a8c0ec9abc783c47a426c,Data Science,Generic
29513ec37df3f9aee60fa455906405c5,Health Data Science,Generic
299dd8d94572b08e84f13f70a1ee64bf,Data Science,Generic
07a10465e8c4e2f8e7ed585d740749f2,Data Science,Generic
f87304d6ca55f6a884b4c806d29d09b6,Data Science,Generic
2fe8daa30cac43f6035604ef774b38b8,Data Science,Generic
33b56fe14b369966e3d8c045ff809f87,Artificial Intelligence,Generic
986b0557427226cb9f15a2fb49a5d5b9,Data Science,Generic
cc25caf775dc1da774b9fd5eb6e26856,Data Science,Generic
fec076d7c8b53b83b53ad9ace9f18d98,Data Science,Generic
2ce7490c723d8fd2389328b7181fc2a8,Data Science,Generic
013939fbe3cbef03ac5f0a468389dd6a,Data Science,Generic
897f792578f6b5da6293ff5e063ad31c,Artificial Intelligence,Generic
2c617ba02666b26bdee1eeea090b21cf,Data Engineering,Generic
903817e518a3d620d05d8915a51cdfad,Data Engineering,Generic
781634246119315822d0204c850a5564,Data Science,Generic
49fa4d56aaab726dd3cc3871ab45a942,Data Science,Generic
7c34c2263db152a585b798ece1685d73,Data Science,Generic
dd65ad6ea35ddbc480f7019deeef29ab,Health Data Science,Generic
f86a84ef7e7f3d87ea630ef91cdc4b8a,Health Data Science,Generic
191aeb0d892b2ea24ed844a3055ba70e,Artificial Intelligence,Generic
878fe6871569a834b24b0677e66a2089,Data Science,Generic
0606a2dae818d2d06172a15b03d4a706,Artificial Intelligence,Generic
426e759dbef10bd0c4cacbb3e7df2f8f,Artificial Intelligence,Generic
750e3779fe9428a3f6f0d63d745cc779,Data Science,Generic
cfbfc61b850a8244c4c6b559f0f6c48e,Data Engineering,Generic
17be1c4a2c8e0f989d187585bb09da61,Health Data Science,Generic
d7e61cea200962e0a4f8729b44e56ef8,Data Science,Generic
db6415d8cb85b7e7f004cb0e93080b8e,Artificial Intelligence,Generic
7fd54657ba7a55e846d6862abd63d935,Data Science,Generic
20ee2c40576cea035356efe579714414,Data Science,Generic
6286a61e5626dfa7c1997f50282a8482,Artificial Intelligence,Generic
7c60c95b3a0358a1416fee387aff0faa,Data Engineering,Generic
9cf3576914d35ebf5964e3cc2961f514,Data Engineering,Generic
7c1a71cb36bfc5b0d3a9ae94066816f1,Data Science,Generic
27b21b0c36b3434fc13aadfef2f906da,Data Science,Generic
74156eb4765389777fa6e35299e28297,Health Data Science,Generic
f2e5239f2a544c5504923824cc4da47f,Health Data Science,Generic
419f16da89aa9050bec69fe5320d40e3,Data Science,Generic
cfc6948f650b7434e29096cccdc7e660,Data Science,Generic
f2134bbadc671c686715ab907a1afb7d,Data Engineering,Generic
de5e7e19b0adecb66e19e35bec3324f2,Data Science,Generic
10e236d312fdc154cfc236db8d45e837,Data Science,Generic
397e8bebc05f097e0e24e2988665550e,Data Engineering,Generic
c0a688e6f4f3e91f35797da8031b9ff6,Data Science,Generic
79c300dcc690e75931d61ef40e4fb200,Data Science,Generic
154ce7920805f465e6a80f93d1abe192,Data Engineering,Generic
1041f255329f8b0c4ad2dfcc6db5583f,Data Science,Generic
aa222d692053bbe3485045c5afe76839,Health Data Science,Generic
b0fc047429928c18e23cc83c0dda1684,Data Science,Generic
81f2618a474be491f4d2fa790db29300,Data Science,Generic
79da6c79044e88297263f05f2d344b2a,Data Science,Generic
60806baac446dfa1747f93e5ef435758,Data Science,Generic
7a4e09b067b92d576c12fd16c458ec89,Data Science,Generic
8c3c9f0910a15826bb90bf88274ed4c9,Health Data Science,Generic
eab5fdd98425824403a6aa5dcbd61de4,Data Science,Generic
1a555168a0790bc0c346aa0f90625f50,Artificial Intelligence,Generic
c116a48a184f6ef99be5505383fe2970,Data Science,Generic
aadbe8897f77bbbab831454a8a36c353,Data Science,Generic
5f2a77331942828ba9c25027b2b41aa0,Artificial Intelligence,Generic
020147ec14dbd3fc80e506932fe9684e,Artificial Intelligence,Generic
62371400aa811904746dec9bc7864537,Data Science,Generic
e4064340f62798d19fb2f53e37a9186c,Data Science,Generic
10f650462fc64f9c84fb9ff038eabe38,Data Science,Generic
e64e41a66cf56fd32e8a20aa2b922c29,Data Science,Generic
45a039a677f34b8b6190d89d58edb5d5,Data Science,Generic
54d04b445d3e366cd3bd4d8904600da3,Data Science,Generic
df3573aab0bd1065109ba6f412574fcf,Data Science,Generic
01ebb9d20d560f2906dc5b1a2d03b6f6,Data Engineering,Generic
5c9684a3c224d07f596f17fc1a7a1067,Data Science,Generic
efc0de408dc466936ca0eeb083faa205,Artificial Intelligence,Generic
85645f7e022af96db5395d91781ff008,Data Science,Generic
24772b95d3b3a52c0e4a71ba30dba99d,Health Data Science,Generic
60411cd79e1074f84ef24d3242e9139a,Data Science,Generic
46eacae549afa1a1a72dac98b8306d69,Data Science,Generic
b295af8d76c42588604e27173966f917,Data Engineering,Generic
2e59ec5024a9bf8ef83a3006c9f1dd53,Data Science,Generic
75dd54a956726ffbc61bbfde14724d4d,Artificial Intelligence,Generic
421ab7bd4fc842c6d3a0d09374e82bfd,Data Science,Generic
ffb398e46d2d464d6ad956eb029dfdab,Data Science,Generic
a05a472f949b54923dcf802a783a5177,Data Science,Generic
05efd7260b9ac33083b5f67ab7cd6f55,Data Science,Generic
30280677238b4e85d8f75bf57c04b1f9,Data Engineering,Generic
3816dce6526a34bb36923a1d92c7ed41,Data Science,Generic
5d8b07defda6766acab79ad0ae1725f5,Data Science,Generic
fcc4bb4d8690f79fdf97960bc44ec81a,Data Science,Generic
912ce64886cf96f6438159c64851ee4b,Health Data Science,Generic
7b4cb993dc3e6945300d97be266f4e56,Health Data Science,Generic
c86b5e66478c02c401010777c6f557a2,Data Science,Generic
851f26938736b29c1c339072508e93b7,Artificial Intelligence,Generic
e8cc28e7add6479449ac9ef28bf79d5d,Data Science,Generic
d2d60f9250495e7fb8a6e2c447b83777,Data Science,Generic
c0e34522faff9d1aa024ebb17eb5f402,Data Engineering,Generic
132242752989a3959907e8d901862d60,Data Science,Generic
dad32ae53128fb0b6e1d890c3fc0bbb7,Data Science,Generic
e5cc568f1bd3cb2f3b7451d7af6a8b70,Data Science,Generic
039e2be1fa16136c201b90cd0d8d5b2a,Data Engineering,Generic
84d33df5916f483f5d35d1ccde53148d,Data Engineering,Generic
a9a0dbfd51732ed362642ccc51574a4f,Artificial Intelligence,Generic
c1cf248c34c3d3a2f9c6e1606eab2cab,Data Science,Generic
bd6e5b39351ad3b1584ac6f9aaac0bf0,Data Science,Generic
91b45b6a4bfdf9d95892c68780539c5c,Data Science,Generic
05c9d637d189e4a3a04dc5bd81e74311,Data Engineering,Generic
8d6971d4891c36cffffdf69e1d31b36d,Data Science,Generic
1989912d624277fdbe157f82058e80bc,Health Data Science,Generic
92e04b199157774ea97dd44bce330eca,Health Data Science,Generic
86a951229d4c3ad9d12de74a0d11bada,Data Science,Generic
4fa85c6ac45fb205be4bb916a3711d9b,Data Science,Generic
cd3688d7a5cfddf7421c6159ec3502fb,Data Science,Generic
4522056fd598f64c0dbc72bef97eabcf,Data Science,Generic
9014ec509a87cd6d82a3f7e4e6a02eab,Data Science,Generic
00ff05fc0d8ab71c8b55f6542e856007,Data Science,Generic
b7a9f97ba9ba20180c4e729ac4b1e11a,Data Science,Generic
de53bc5ddeaf0f170b6ed4ecbe361c24,Data Science,Generic
c831e4de42bb3228b1a71b9e488c5fc4,Data Science,Generic
10ba9e8dd9f29444842a77c098a7e09d,Health Data Science,Generic
3263e9551fb96db3c2c3b3286e4724a8,Health Data Science,Generic
ee039e0d99dce2c578238a7c6274d664,Data Science,Generic
1d1141be63035984e045d1e1c5bec8aa,Data Engineering,Generic
80b449eb4d7abd74d3708b9e14343b53,Health Data Science,Generic
6616d1480af39b2015e76393a4afa449,Data Engineering,Generic
326624049692cb8d6ac5998396daedcc,Data Engineering,Generic
b7476f64ca263ddc4b83acce9dccf067,Artificial Intelligence,Generic
f7b368aa564129ba144432260ac82d92,Data Engineering,Generic
d36acd050d8390c4a72f1dcdea12244c,Data Science,Generic
13f4f5bf43017e0da6f45ab4a5423feb,Artificial Intelligence,Generic
c7dcd872ff3e4c846768b77a2b5ed9cc,Data Engineering,Generic
6d2cb507f1a03ebfe9d12af1f4da3f2b,Data Science,Generic
9addb64231685465408e2c4b912d5fd2,Data Science,Generic
c4ffbb40f2d9d8d57b972f800065c14e,Data Engineering,Generic
a0da5fc9a790199bbf401a1a5cbb92ab,Artificial Intelligence,Generic
f258b7fd9ab2664456c1e7523300fa25,Data Science,Generic
ecf7104b95b534f7b8700a407e424f99,Data Science,Generic
b1cdb60ca1419b714d06e549266d074a,Data Science,Generic
ed1729aa4a6a4cc164a9be142c4097fc,Data Science,Generic
33709d6a82882d7ebd1c536bd654bd54,Data Science,Generic
a25c467a6f0a16e70c1871605cafe341,Health Data Science,Generic
779454e1dcfd28863500465aec864e14,Data Engineering,Generic
86b1ef2a5569d49520bea33ef576fc78,Artificial Intelligence,Generic
b3f517d3682bed5bd634162552e6e4a2,Data Science,Generic
59594b685d8caea9964a809df860d3b5,Artificial Intelligence,Generic
0975dcc507793f260ef3ab35cc74a1f8,Health Data Science,Generic
31996abb31001baa77bbc6e0d238d409,Data Engineering,Generic
d66a475d80c9ff64b7b30ec1b64ddf57,Data Engineering,Generic
e2da9201213d86f531c366b86c00a97b,Data Science,Generic
41b9be2d064cbe5a1c2e8c7c4cd76b54,Health Data Science,Generic
9b13ec1426b131db747a6061be044e0a,Artificial Intelligence,Generic
777d6cea4c657dd0ca25a76a8d349256,Data Science,Generic
c13cd40e4eece005b354dd3224afd369,Data Science,Generic
ba9d45c4a24e2582b1800408f83e8074,Health Data Science,Generic
2c2d3bb62bb1d8c1bc41bfdc79101c03,Data Engineering,Generic
20a1e3005c2ab0fbc16af53c1c4913f1,Data Engineering,Generic
4db3a537e0651474362938ffdfb03609,Data Science,Generic
c96bd6170792dd17a67b31b0fe2e8b40,Data Science,Generic
330df047a070c5aabda88833270393a2,Artificial Intelligence,Generic
b57b6993dfd61092243dd9bac84b2685,Data Science,Generic
0eb56d409ac467174a3b0c45576cbb2e,Data Engineering,Generic
755edb8bc0c3fc8c9fa8b72be8c441ed,Data Science,Generic
334a369808e8cf5e78325f70028c0673,Data Science,Generic
d9c4650431ac7e749165ccd4f304094a,Data Science,Generic
3774e54d5e3677d102682606bc18fdbe,Data Science,Generic
b551a645d930d7bf74a5760a8cf7eec5,Data Science,Generic
6d829ec275c9065627794ed939dabed5,Data Science,Generic
568c992391ca234d02bc14e072a7b691,Data Engineering,Generic
03328a18ba2def844e6d293ff8b28bac,Data Science,Generic
5ad3f5fdf2b2d703fd502f85e956668e,Data Science,Generic
c807a722b47679b725d49944de6e648c,Artificial Intelligence,Generic
fc3b4edbf6419415633270dd43521236,Data Science,Generic
a48816dfa518f931c303c888348d5aee,Data Engineering,Generic
60496b789c169e937bb09eec272ba95e,Artificial Intelligence,Generic
0d142d8f192c579a00c844362e7ec04a,Data Science,Generic
8352be931c30a8bd1638f82350006fdb,Data Engineering,Generic
92b9f70667be8dbb6be09a3ee49d0ee8,Data Science,Generic
9e976a96faa93a8776e4aca6f4f78554,Data Science,Generic
7ead304c8916c7cd8e1878f26c49189e,Artificial Intelligence,Generic
1e7ccbf563598050d75625a84e7546b5,Data Science,Generic
9f3759bd26a83e30e7db5067146858b8,Data Engineering,Generic
7671f45fbfd9f3fdd6b27880f9b48066,Artificial Intelligence,Generic
54758e6f670c68957e5c1ee74155244f,Artificial Intelligence,Generic
12a783bef61354bcaad2f8e526073d1d,Data Science,Generic
2476c36d2f1b2ea07db7fdf0497eb139,Data Science,Generic
e07d7814c71a36378c04573d637a9c98,Health Data Science,Generic
0a5f7bab5ccf620b6e57f822377a59b2,Data Science,Generic
88bab41584a6d462376ac50ea6588686,Data Science,Generic
fceebca4e7768905ee2cf3d1ea811780,Data Science,Generic
4167cd04cabab779c0326500346c4140,Data Science,Generic
d93893029c0de4fa734fdaf04c039e6f,Artificial Intelligence,Generic
76a46cdad123ba840162ad08e151d068,Data Engineering,Generic
cffb7c64789690b0acd51f3d8c09ca64,Health Data Science,Generic
d6a1a0293dbb60e444202ae809977137,Data Science,Generic
9fbb52f3495e73c1649a2a2985e73e76,Data Engineering,Generic
a32f9fe7a75f8fefa71bc23c31c526e9,Data Engineering,Generic
7ab44e0789b0d1778e2e401d1d05d940,Health Data Science,Generic
2510d7f2645af8a64d1a0946011c729a,Artificial Intelligence,Generic
b83c6b27044ce051c4921de51ebb2e0e,Health Data Science,Generic
83450308f5149887c3f7959a39be50d9,Health Data Science,Generic
3eba8f8edf9793c525e53e018175b158,Data Science,Generic
6e2f613e8651cf9b7c08c613f3d67634,Data Science,Generic
14fa52f38c84c1e3bcb31e1a88a88e78,Data Engineering,Generic
eeeab99ccc6ef69cb06804b5d5f227aa,Artificial Intelligence,Generic
eb0e5eedc2019bd06995eefb34aed16b,Data Science,Generic
2708e920de76ed0db7e2839ea39c2a00,Data Science,Generic
e10d1ee33b3ecac3e87afaa8fe8b30d4,Data Science,Generic
4642e12b855bde92280d1001499d9788,Data Science,Generic
3e878f72e4562c28bb1c9f3e7f3082ac,Data Science,Generic
3a86e3ddd729bad033eb44e57907ecdf,Data Science,Generic
825ec896560fd5bf17f2fecf935e34bb,Data Science,Generic
bddae2d7fff4b458ed5a0c067872e141,Data Science,Generic
1e3a902672567d168103e721db31a6ca,Data Science,Generic
92fef104ee89f295d53c4e3d1f615ac1,Data Science,Generic
8594652c8997a5a565d54ac5a4fc3075,Data Science,Generic
386b8a36fa9bc29fc4c9d2d461317ab3,Health Data Science,Generic
e5afe2875b6f0bfe4b1e5a331faeafe8,Data Science,Generic
810c0f6e620579befcf07f7e30bb3373,Data Science,Generic
41d6638186a3f609e90e3052cfdb1045,Artificial Intelligence,Generic
130a167a7db6e1f40bc1aa799d7c9451,Data Science,Generic
bc2043e412d09df596e7e2726ea1350e,Health Data Science,Generic
1681a026d8f1ba3f98794f47947450ed,Data Science,Generic
e62044e053c408c52ef93692ac3311ae,Health Data Science,Generic
4bb7081c319636c3c2fb033508a3f801,Data Science,Generic
0f370fd66646008503c813f5b279d616,Artificial Intelligence,Generic
e0c71c7942251e2499a7d4c47d08d5d2,Health Data Science,Generic
195d931b6010f3dcaec3c88f0f7c57b5,Data Science,Generic
56df6004b85046ecc30952607eba4eea,Data Science,Generic
ab847eaf09f9fd217094311d4c432439,Data Science,Generic
d806f1e6be709397ce7e7e0fc60bdade,Artificial Intelligence,Generic
42f696614843a0efba12e6ee6b59c40e,Data Science,Generic
20b8daa7f5d376c6a6d19b56cc370897,Data Science,Generic
b44ccea23fea249838b1109de0c57c62,Data Engineering,Generic
bc1eb5912dc83cc7384bb704f100ba69,Data Engineering,Generic
d156ec18d8819dffb97ffee174e0b6cf,Artificial Intelligence,Generic
bafc543138e822627f93408d94a8efa3,Data Science,Generic
1116ebf76a9ac47c1a18b1ea40e4fa4a,Health Data Science,Generic
679e7362dfa77b9acd950576e153a858,Data Science,Generic
4f039543422a03401b57ce83160c118b,Artificial Intelligence,Generic
93f3c5170db1017c66e0463970bb4865,Data Science,Personalized
75784f2aee2dd78952850cd57d6eacfb,Data Science,Personalized
3798314e3e715e2a721faa917057a9b1,Health Data Science,Personalized
e1f89346d80a99c76da55eb8e284bf7d,Data Engineering,Personalized
4d8d3c7a8deeed3752304c84d7c553cd,Data Science,Personalized
5047b64e0dab1a590a7d07c730b896dd,Data Engineering,Personalized
d782ff3f4559698d87309aba005defe3,Data Science,Personalized
f09fcbdcfa257795d1f782eb6100fa43,Data Science,Personalized
51206b9c255bae382b59fc534e4ceec8,Data Science,Personalized
e8090785e079beea3a0559631b98ce0d,Data Science,Personalized
0e5f7704eb421e0384735fce5ef70137,Data Science,Personalized
b1a2816591bf42e559d718aeee19d036,Data Engineering,Personalized
18e77df423209c7cd2a6659fa2087b70,Artificial Intelligence,Personalized
54e131d86706eaefe4cf21460674ba4d,Data Science,Personalized
56af2be37d788d6d5182b7b07c838044,Data Science,Personalized
2783ac7190d48fae4a83fe875222ecf4,Data Science,Personalized
d0a76afb89ae53e06cb43d57245b8936,Artificial Intelligence,Personalized
10bfada60af5e1e5b7307b9ca9428a63,Data Science,Personalized
21bada6c23ad8a235e3a3cfe1aea02af,Data Science,Personalized
f55fc937a51186ed030c04ebd52193c9,Data Science,Personalized
914f3e2d94d7ce8e790f649a4df015fc,Artificial Intelligence,Personalized
5fe5d51f8d319161660f61dca8a812de,Artificial Intelligence,Personalized
c3d250991156e7cab67026f88478817d,Data Engineering,Personalized
5a03b30992222d3d760b67f1da837803,Health Data Science,Personalized
ab717873a7c52c98493edd94f27fc81a,Data Science,Personalized
16fd4553e223e232b7fcadfafeaf7893,Data Science,Personalized
060c5de8a91dd7be62159642b45de7a3,Data Science,Personalized
3eb18bf7da900a5c32cf3fdba10b89ee,Data Science,Personalized
5b4986fb359de8e923d5513ffa43eb7b,Artificial Intelligence,Personalized
97ba98ad56d96e6c16b541d67f61ffb7,Data Science,Personalized
fa50beef399a5f17eaedd21a2062f344,Data Science,Personalized
f41eae267077eb83f5d3682dfcbbae88,Data Science,Personalized
f7721cd1bef4e3c53458608c24cd25d9,Artificial Intelligence,Personalized
7a372e1474a34601bbc7215d14a24a25,Health Data Science,Personalized
ce25d10d3250ec0c537c678855e01f3c,Artificial Intelligence,Personalized
2a149cfbba33e3ebd9ffa97f765a8447,Data Science,Personalized
bc413bccfbb00368a453c22e1fb438f2,Data Science,Personalized
5902bf2a7372da7cf21f2c568ae26848,Artificial Intelligence,Personalized
b89139364abbf7eb4ffc8f56c5ef22d7,Data Science,Personalized
744bb6550f507b0c8467678cc6d487ce,Data Science,Personalized
5049fd17274d9fefc1f772e585a575c2,Data Science,Personalized
bd3233f467967ca67b51bf22a19a99aa,Data Science,Personalized
d3d531a0d508f326c7e58d9860cf357e,Data Science,Personalized
f2114b0b4d7d063607431f4ab8b28c42,Health Data Science,Personalized
c592d8656381f2f82c931ecd0bc3c511,Artificial Intelligence,Personalized
0521ba46ffd2a864d233dfb0f4c0a7b2,Data Science,Personalized
fb77166fe200cfaa5ec75a20d798e145,Data Science,Personalized
495e145b3d94c9a2dcb840d9a578b186,Health Data Science,Personalized
fba0c9ae069ed1648bf5a77d37a28e49,Artificial Intelligence,Personalized
cef84a9b59716a20c951623d8c2eed6e,Data Engineering,Personalized
24870f5588d8193418d10a47befe2afb,Data Science,Personalized
f37d0640127298c6424091ae9af99452,Data Science,Personalized
91b1db4e7b5ee1b6987cce8f27934994,Artificial Intelligence,Personalized
aa5119f47fde7c15d34c8e0646596642,Data Science,Personalized
d3423a04e3154d5a798e1461a4e035dd,Data Science,Personalized
a509b3fe964ef38bbc3f324ddadaeefa,Artificial Intelligence,Personalized
30dfe48a786c5337604dba9318bfe195,Data Science,Personalized
e98ad56f536a00a9755c3f7069d5af95,Data Science,Personalized
49b1dc6ec8ddd11976ee9833344d32ac,Data Science,Personalized
9c4acbdc3f0c6072d4b88106f4840e59,Data Science,Personalized
36534409717a40f650a65fa5f78df1de,Data Science,Personalized
6a6cd9d3dd4972c1719d09b076e6deb2,Data Science,Personalized
6e70baa6fab4c63dae9b6e22b3496483,Data Science,Personalized
a4cc2cbd95b168a933c50d46fb884e99,Data Science,Personalized
ca85c74c219ae8310edd03cc024f5720,Data Science,Personalized
6e62e0d609df1fb9bb51d18297264ed1,Data Engineering,Personalized
607699f652bcf992afadfbcc2b442f32,Data Science,Personalized
1707db645a79e18da1fef25ed388b25f,Data Science,Personalized
e789ab559a73a84bbc2b3e1723ffcac5,Artificial Intelligence,Personalized
aa404063ad268e5784e39bcb8ce130d4,Data Engineering,Personalized
a8f8c824d8c6be3bd15a85458d5332a7,Data Science,Personalized
31c8205171953cb559483486e17f999c,Artificial Intelligence,Personalized
e2edf8be9a6bf64eb740ada47a934b1a,Artificial Intelligence,Personalized
f6e552f203fa44aad211701371e9c719,Data Science,Personalized
fc64272dda0991aa0e292fdc8481a4ed,Data Science,Personalized
b3125b036e40feb2ea18c4fe15dc0e08,Data Science,Personalized
246501c78e3c357e74a6e4daa6af04ee,Data Science,Personalized
97a58bf863c4176722739dae7f311782,Data Science,Personalized
803b50c3baf2c13f25fb0629e7429baa,Data Science,Personalized
16cb878332564ba3f0b43f0846b4e988,Data Science,Personalized
2aa9b8927ea29f1301d6c2d4c0962774,Data Science,Personalized
09c694273838e8aedf685dc4dbada2c6,Data Science,Personalized
4a4e174f2323f8ccf0b0fa79cc347545,Artificial Intelligence,Personalized
3fd12f48040817399145011054dab18b,Data Science,Personalized
30c32a955eb570200f99e8f94fef519d,Artificial Intelligence,Personalized
31f2bf3f05e8d692620235a8c86e7c0e,Data Science,Personalized
7a398f7aa7d4888f7891d1ce50dc1ab5,Data Science,Personalized
3edd19f5861f76bdd9da75a9744c7076,Artificial Intelligence,Personalized
5c49ff49143bf5beef11ca3ee011cadf,Health Data Science,Personalized
246c01b41b2254989507f78d95c93a3e,Data Science,Personalized
61e93110fb304f8c3ab5913f37493959,Data Science,Personalized
b8fdbb93550850be7ca50cbc68d691f5,Health Data Science,Personalized
5cd423b834f5da3d924a339fccd3e446,Data Science,Personalized
cf46eecc9cf05ded8ee2f05440bce5e6,Data Engineering,Personalized
5efca62f4e78296ee8d0bb3bc590558d,Data Science,Personalized
a0a27679ec54109ee7b905056abc1f1a,Data Science,Personalized
79d2c2003b2891b94bb51abe0a6ccf77,Health Data Science,Personalized
b60a73d08e0884507751b9e81b5bea1a,Health Data Science,Personalized
aebbeb53a3095ed00e63c98cfd9b76b2,Data Science,Personalized
98fc5663effa9daa1a113b58779d9f3d,Data Engineering,Personalized
04066ea3ea4ff929907c1f058e79a5f1,Data Science,Personalized
b68c4c84ffaccde15a7f6ac77be79bab,Data Science,Personalized
7602ea51ae1f86125ae1ea4f8efd5b90,Artificial Intelligence,Personalized
ba0cd822c55988350629453e8fe099c7,Artificial Intelligence,Personalized
d8fe7c2d44c55676630d8f09f543ad0f,Data Engineering,Personalized
649cb99b1ae2e8dc1f9a3f8c90c2e525,Data Engineering,Personalized
6b8105c5a04fc6274f914efaed187490,Health Data Science,Personalized
e372f26e397501b03a5e9ba3873ee231,Data Science,Personalized
3f243318540e151079c4d2837bda0196,Data Science,Personalized
0e8f93177c1b9cf3fe6f8748c0008664,Data Engineering,Personalized
6276c11e914a999dd95d0f28f25e2f01,Data Science,Personalized
2f462bcf228621ad88b4f3b9c61cce04,Artificial Intelligence,Personalized
a5e3e27b209f2c1b721759674811ac67,Artificial Intelligence,Personalized
9b238c9b16624b9df34784f32193d1dd,Data Science,Personalized
6c692fc52c4782f714c44d9584139bd4,Data Science,Personalized
4e090b2de1bc3a4f1336c822b7b25fc2,Data Science,Personalized
0d2bd84a9db1de04fa7603443120569e,Health Data Science,Personalized
2a7a3fd72de7e5c879b916b5fb8141ce,Data Science,Personalized
e6e94b9b91d298d42223c4d8521b73d6,Artificial Intelligence,Personalized
dbccfbd04d61df383ba82d63aad6c4b5,Data Science,Personalized
4deb459b11f85599f25ac864db8a2381,Artificial Intelligence,Personalized
f6bd2f24e6685f998179cf8c44838086,Data Science,Personalized
3c7d1aedec3c83b59c4e9a3ef92e15a3,Data Engineering,Personalized
a3f57b5a8aba63bb3d8bbb728efec0ce,Data Science,Personalized
245f7ed737db763f1ce733b26f891f82,Data Engineering,Personalized
6c7a15da6874ef440df09a68b9f25d9a,Data Science,Personalized
49234620b323d1f00d8056c97153c1b4,Data Science,Personalized
3dfcc1787aa5097ab737003e3d8f3114,Data Science,Personalized
6ef3c14a9fbb5c9a35a1dd22a0099472,Data Science,Personalized
1dc3f0ae743103e3a227574b60179537,Health Data Science,Personalized
34afe8a3a43c4fec2b0f139b6d339754,Data Science,Personalized
1aefdc90cbffc834ee95d777a4c27f21,Data Engineering,Personalized
04b1d009a0b5c294230aecf81c81dd5a,Data Science,Personalized
f4688ee5a73744ac262e164cbca893a3,Data Engineering,Personalized
8f5a75c1686d961d1ec41d4b03b7671e,Health Data Science,Personalized
75630742e1c3ae93f1ba9ee900e22cf0,Data Science,Personalized
e8f29405338d904a8ac6336395e38425,Data Science,Personalized
7ee70cd7e812ca68a829ee7374011a06,Artificial Intelligence,Personalized
82d1d534eb53747083edccdf66015634,Data Science,Personalized
e22978124fba48f3c1f0bd938924cbcd,Data Science,Personalized
3902218d6987f84c601f91cd30649733,Data Engineering,Personalized
258f9c4b5804991a7e5cd416484ee924,Data Science,Personalized
75b7fd6d1d00981e60e569099ccaaf0b,Data Science,Personalized
f78f0ddbcd864d9f4a31cb0499a3c6e1,Data Science,Personalized
a7dcd76e583115923bda1f7799988b8d,Data Science,Personalized
758e64fe4c6b116d323c0ad29d8655f5,Artificial Intelligence,Personalized
9ac4e4f5684c4a8adc2758b41bf255bb,Data Science,Personalized
d870a7564af61b46b830315de86949cd,Data Science,Personalized
fce0ecc08dd42026190ca16e9e74902e,Data Science,Personalized
23fc30505fd7c1cfda0403355a20d631,Data Science,Personalized
dfa3a6373d725f4d142b5988cfe21ed9,Health Data Science,Personalized
75819d185fd546db69992ba1a158d67e,Data Engineering,Personalized
30b29d9ae7dc91f4c2f6e60f0a2dbc86,Data Science,Personalized
139b74c369334134718feaf7b92b5789,Artificial Intelligence,Personalized
75a83818d21150ebc53615e213e2ae07,Data Science,Personalized
284b886dc1d0a72a527c0a6b96261659,Data Science,Personalized
e4bf8ebd023470c65ed6ef275e1892b8,Data Science,Personalized
901337f43461bfc9765cba608701fd1a,Data Science,Personalized
eeab41cb36d6d6132085a7fb4f89e94e,Data Science,Personalized
5f4cd14cdcfac5a804e18b99e4b1f0b7,Data Engineering,Personalized
be9e9846b1a072672fc529269f8d94f5,Health Data Science,Personalized
abc24eec7700b2c1eebb7efaeafd50ce,Data Science,Personalized
00537e920b7f5992d33860cb3e486ca1,Data Science,Personalized
3da43adaab75d9a280fdf9f1512c792b,Data Science,Personalized
c24985bb712f4ae02fb2465fcc57fb29,Data Science,Personalized
e6bbb1c09280559d66698a914235a4cd,Data Science,Personalized
d8a841736f910da2512f269bbc107c04,Data Science,Personalized
cbdadc177b641ed4441c025ce4b0a290,Data Science,Personalized
a91ba5c835dd4dea06aaa6feec1ed646,Data Science,Personalized
0d20192a40fb4e4566a2051b784f7049,Data Science,Personalized
562a146bac5f4da1858fd6d3168737dd,Data Science,Personalized
b2e830a4f2209040f276cb0c37eabc4b,Data Science,Personalized
37773260b946651c91bb0fa1c7915f6f,Data Science,Personalized
73f3224e46d8d40995559558906ecb93,Data Science,Personalized
0ad259a67e586157d738796e791f9ab3,Artificial Intelligence,Personalized
a5eaa5ad7905ee194f3768ae6c955ef5,Data Engineering,Personalized
39615e8f02c1dfed58a2220e57e75ed4,Data Science,Personalized
eee90cfb62975057ade6e45800836c45,Data Science,Personalized
6114c6c9eba7146eddfb498a03e57709,Data Science,Personalized
42bd4acf4710f944785bf3950db04be0,Data Science,Personalized
42df7ef654403d59cd5a837099bfcd10,Health Data Science,Personalized
3dec2c469ee9b3f2e3ded008934f6561,Artificial Intelligence,Personalized
e8626a378f67bbc986deb0ef19566049,Data Engineering,Personalized
87e23ec348940f69ee1d31413d974504,Data Engineering,Personalized
4dbaeb1c40f3fe2b1bd1eb8b66d95917,Data Science,Personalized
a7f86cb5400e1e74c071199f6485a2b7,Data Science,Personalized
060f375e812de4dce125c2e978370bce,Data Science,Personalized
055080ce8fee7bcdddcf8ded5763e099,Health Data Science,Personalized
01f1b9b83fe5af570fc9827b23d1fa65,Artificial Intelligence,Personalized
0af9098a3ac619e5bef200d65e8217f5,Artificial Intelligence,Personalized
5d96963d6b4a6889d2bc2bc658b1b24f,Artificial Intelligence,Personalized
6d74861f398d4972a708e1beaca71258,Data Science,Personalized
b363de9af599a27076f5bc0517f0b179,Data Science,Personalized
387c4bc715e53d9878ef57f70ffaf5c6,Data Science,Personalized
cb9473d92fa4600f0c3c01637de6427a,Data Science,Personalized
d2d53f11d62184483e0fc6356bf9b9f2,Data Science,Personalized
bd772feea01264ef4eda1f8beb0b412a,Data Engineering,Personalized
4a1e3f9aee2ca0ca808546fc19a1463a,Artificial Intelligence,Personalized
f13ea5f1f73c8237b74c200b2e42be76,Data Science,Personalized
cc93113c1621d04864b7f2a618d7562e,Data Science,Personalized
e38c6269623cec9755b3f43f8fb8f87e,Data Science,Personalized
91045b66157fe3f50cb089c4a2ccb81d,Data Engineering,Personalized
ab87477ef35583728dd371ce067da41a,Data Science,Personalized
8b1294cf30a97d792a813d357bea77c2,Data Engineering,Personalized
aad12f480c62ed38a6d83ecb697982f5,Data Engineering,Personalized
8815c7a513f7aa6ab18c39685bb13274,Data Engineering,Personalized
6cb4bfe049133a8d608248c56a5fe846,Data Engineering,Personalized
7bde5bcb813f106cb113c2003e88d862,Data Engineering,Personalized
f6e2bc40a6bca05cabec71a560f92df8,Health Data Science,Personalized
4676615cffc6aea963f04ce2765c87f2,Data Science,Personalized
2c038339f75c2cdba1c337d8f9bc940e,Data Engineering,Personalized
00fce7cb337198a4da0e1d828bc5b06b,Data Science,Personalized
9d7b75ad7fa4b0388133c7e46f99cc0e,Data Science,Personalized
4b244cb1cb19f39f2bf4138fb3631d7e,Data Science,Personalized
6da5a01d8e0fed6f9c182e41348d0efd,Data Science,Personalized
5f77bb4d2282e28b5970311cce02f76a,Data Engineering,Personalized
fadc0a2ac413fb44545746a7ac5e21a1,Data Science,Personalized
94f571b0dd8047db6170996fc81bc54e,Data Science,Personalized
a8404bcbe5cd3866dd0585bc9cfc2ddd,Artificial Intelligence,Personalized
d9297963dc10072bf70b30cac5ac17e7,Artificial Intelligence,Personalized
f18f41b13d936b8c24c4d41a86ffaf60,Health Data Science,Personalized
5d4a41129f80446907749bd2bd6c9f9f,Data Science,Personalized
6484957d99224c9d631ba3702f6274cb,Data Engineering,Personalized
fc01e622e163e2763377a414fcec5e32,Health Data Science,Personalized
5426f490ab77f3360e484fac27980beb,Data Science,Personalized
0f7b4ea90de3518ec80007453379ee6a,Artificial Intelligence,Personalized
c859d9043b6b7d618ade1037a38a88d1,Data Engineering,Personalized
a918ff0b009ccacdacc1e52ea97b7d7e,Data Engineering,Personalized
f6b148995626e9753993db4a49fcab84,Data Engineering,Personalized
b6a740863b5d59d6c6535b980fe63292,Data Science,Personalized
4f9436418f8b06e92b57d94f53cd45c6,Artificial Intelligence,Personalized
e6a6c2ada4154dc356bce94dfc59a132,Artificial Intelligence,Personalized
eb58b821c9622f277a26bb273ce3ab2c,Data Science,Personalized
9a78ab2650630af16d5ea9f26ea9409e,Data Science,Personalized
9e808d423127637e4cc8a5f7b454cc27,Data Science,Personalized
9ab6aa665313fb32f5c4aa5ca2bce217,Data Science,Personalized
d50cea55eb401520a09c3b6e6cadbbd4,Data Science,Personalized
2b2c9062652f3951763ef5c1c037cefc,Data Science,Personalized
f2ec685025ce184a896ff77c69f7ad7a,Data Science,Personalized
8241c8ae8227c8eda2d9cfdfd4879626,Data Science,Personalized
30e110454579448850fad351df200f1f,Data Science,Personalized
02e4b1888be918059bb7b1f298943e8b,Artificial Intelligence,Personalized
6e88ae022b706fb6db06c010402502cb,Data Science,Personalized
26c680280572f7fb704791d25dd0c11d,Data Engineering,Personalized
1628ae07dd4ba9f5b5a64f7e4c8650d5,Data Science,Personalized
9ed1deff869d1ca5e2bf900987f00c96,Artificial Intelligence,Personalized
1e0f39ac1cd00a10992ec5331bfe8e13,Data Science,Personalized
5ac1595d7903f3088c6c133b9bd31cb8,Data Science,Personalized
ab8f3f84615d42dd6a28444664c37b14,Data Science,Personalized
ccd71e7f4b2bd8592fbd2f2cf497fc1a,Data Science,Personalized
bfdc79644adbe787c90971013a129728,Data Science,Personalized
488688fee5355221c6342884332527f1,Data Science,Personalized
2c15b75845c12f885ba91d7e54a142f5,Artificial Intelligence,Personalized
f1e20c93596c9c35b8fcdc5382640104,Artificial Intelligence,Personalized
aa1ea5d5a19fd6962cf5b484b9428916,Data Science,Personalized
3617fd057197cb59f2a7280cb8a27ef1,Data Science,Personalized
7a522884f45d1698bccd8b0ffb1c9b4b,Artificial Intelligence,Personalized
d0c131444dd1257f3f31b896d93a9afc,Data Science,Personalized
aa034769bdf897b73d29095fddaad6a8,Data Engineering,Personalized
1c8e19ffa9512709396f50b6191cd8cf,Data Science,Personalized
719232717359d697a311f03dd017ec65,Health Data Science,Personalized
3e4d18ed4751fe872223cf25d64cfa83,Data Science,Personalized
d748c4e11508df55b348b3cba1f5f3b3,Data Science,Personalized
02204470e6ca2ffcc4bf413815382aeb,Data Science,Personalized
1e93669995254f763d591eef52f67c78,Health Data Science,Personalized
747a7bc2973d373828e850fc39d50f7a,Data Science,Personalized
7d112d6c765ea09923cdf5d26634aeba,Data Science,Personalized
5052dfcb26f388fbd3ef66ef7767a53d,Health Data Science,Personalized
00d36dc838d8da0a4ba8555d76e52184,Data Engineering,Personalized
3957fea9c9c4ebdcc122aeade9296bd1,Data Science,Personalized
ee3faa0098987305b3248875a9456f8c,Data Science,Personalized
021d2ac03b4f95883eadcc310a51aa7b,Data Engineering,Personalized
b7f48537ea5885a3f239aae1326c260f,Data Science,Personalized
3207fc06e4dfa8396e0c24e48a9c4444,Artificial Intelligence,Personalized
9565f747dc69d640d708c1038b25e859,Artificial Intelligence,Personalized
d4ab0495a98c76092503792a6843020a,Data Science,Personalized
6d889478799959ff68e408fa4d0f65a4,Data Science,Personalized
f9c2eb63cbde0999673547f156f6738b,Data Engineering,Personalized
00b937fc7d2faa938b1b0282080181ce,Artificial Intelligence,Personalized
7cdfe091bfb95ce252faf03f56f0ac98,Artificial Intelligence,Personalized
5645d8f8a231eb22241fe645c4abb53a,Health Data Science,Personalized
41c8d30e383906362450f234b4e8b296,Data Science,Personalized
774aa48cf98abbac6bcf9a8f4a3ebe95,Data Science,Personalized
633494de972d2d9dea133a99dec7db3e,Data Science,Personalized
b26ab79700587959d722745f3444f923,Health Data Science,Personalized
d0355c361e26291bae228d4cc71268a3,Data Science,Personalized
d1f9c4f23c57f9869de0d66ed81fe007,Data Science,Personalized
f7a3b73b31c393d919105bacd0dacf86,Artificial Intelligence,Personalized
68c566ff4ce07969e4298bd33d804049,Data Engineering,Personalized
dbdf9ad41734abdd49a32ead588f4a87,Artificial Intelligence,Personalized
99cf5c880021b27e6c2fd5ee41939d38,Data Science,Personalized
5390f3ba0499e3403064b899766370f1,Data Science,Personalized
971326d99fed54f8960430914b3284b5,Data Science,Personalized
c5e0537172e1dee8c9be7c329edd2e1c,Data Science,Personalized
68e2caa021c0daa3b4702ea19d2ea9fa,Artificial Intelligence,Personalized
83fc10a209b94c68df444fa22ed9fbde,Artificial Intelligence,Personalized
b4331ccfdabd2c72845a999fee678033,Data Science,Personalized
50f9dd1e12e6d1d825b2e59e33dca617,Data Engineering,Personalized
3c7dfd11166102d16f87a101b57eeb10,Data Science,Personalized
02de19f6bacf3b266f4fff23d08db5b2,Data Science,Personalized
d27698e35668e4b0de00f9fe83f2b8aa,Data Engineering,Personalized
a7eb8225eb4111a134ce6718fe5b879a,Data Science,Personalized
b2082810390e69584c9df22ed10c36f3,Data Science,Personalized
45a289a2a9755b7d9604b56a3dacc16a,Data Science,Personalized
ffe40f8c4f4654ef321273e4493b2db4,Data Engineering,Personalized
a68aacf8cb2fa944f817c8bf30eb331e,Data Science,Personalized
005388a6dc0b0933efd2c67924a95bf7,Data Science,Personalized
9c8c00d187122c51c039624512d1567e,Data Science,Personalized
d0e8dcdd2d15cbb1610ebc753f915b33,Data Science,Personalized
1932bb449973006cdd4e3c7631616c06,Data Engineering,Personalized
b96a95e2be68a0b0b72b4b297d42699b,Data Science,Personalized
25e3cf6c1448d21d0e9fa84f0928f1fe,Data Science,Personalized
175f12f831d11b02f01e0f35e0ba1e43,Artificial Intelligence,Personalized
42d648b5954b288af7c0628345f9e98d,Data Science,Personalized
2139d9a7fa9bf70fbe1a58d49df838eb,Data Science,Personalized
e89a03661f6c50de1db4a1085741da83,Data Science,Personalized
cf34274177313e49a7cf56d117ffd38a,Artificial Intelligence,Personalized
4eee1b7e39c2b493e733d466ed8d0ad3,Data Engineering,Personalized
c086c5f4806f0bbaf72b0d65fcf9ba4c,Artificial Intelligence,Personalized
8853c88fdb06a8a656aabd55673d37f9,Artificial Intelligence,Personalized
26551a12bb475d030c306024b8bec96d,Data Science,Personalized
8cca04ccfb9d3f08133db111879dbbdd,Data Science,Personalized
8224d08778c8553d2cff096bd32370c3,Data Science,Personalized
1770675d2c1fb403d71fff5f84b11122,Data Science,Personalized
ed44e0107fc0a0f879e8b9e9ccbf132f,Data Science,Personalized
29bd26ce9a876300b73f549ada272516,Data Science,Personalized
0ac19cc2e2ede5195d22ffdfd09e7afa,Data Engineering,Personalized
d6a945d9400ccceb55e31482707a1d99,Data Science,Personalized
34fc5a9b5e81ab8801ff99a2a759df35,Data Engineering,Personalized
fab58e6c8823fac7a329414ced484369,Data Science,Personalized
2ebe977607f79c7c934af6f992f8b22c,Data Science,Personalized
f178c9dbf30350721905bd1d904e6b16,Data Science,Personalized
35974b1aff267158affb878f9763fe19,Data Science,Personalized
88049e791466998a2c83248a73ad611e,Data Science,Personalized
ae8197015c4fb4dfef928bd9ddcccb11,Data Science,Personalized
e2e9f652716ccdfd928a14241105fde2,Data Science,Personalized
8400112acd58068a45238e4cbdfd48ea,Health Data Science,Personalized
9286f59e97d427b573a40586999a9ff6,Data Engineering,Personalized
a434f8cd1e172a4c30fdf624e02c5b13,Data Science,Personalized
8e8406eaaa841022bc32272cce911b90,Data Science,Personalized
9605930f13d184c117365c3a9b8145f1,Artificial Intelligence,Personalized
9085c12410696d6ce2b078d0f21100b9,Artificial Intelligence,Personalized
d4232d99e8d08054a72cedb0ca9b7c29,Data Science,Personalized
4531d104e412838477fab6d48cfd49a1,Data Science,Personalized
a052e04b4f4915da5382f36330d9649a,Artificial Intelligence,Personalized
b4e3bd94b81fec49ecc54e728328fe9f,Artificial Intelligence,Personalized
ab8739a34dde252c244f73a724f58dc7,Data Engineering,Personalized
e8c9fce35c1212977c1f3aa6594c9295,Data Science,Personalized
5663e0dd1aad37dd522b396d599e219a,Data Science,Personalized
f353bfc9e68f5fa9fb56ec95f68adada,Data Science,Personalized
331e8513489d2c7f8d1c136420871cc8,Data Engineering,Personalized
09e85598b01a553afa8458efa8594c80,Data Science,Personalized
c8564defd2c53d40fe1d50450dfc1202,Data Science,Personalized
16c36ec866dd5284c215df531671bf0a,Data Science,Personalized
473ed38aea84c9dbd90e190eeed3b469,Data Science,Personalized
36b112477b1c02d12161e2fb3d090349,Artificial Intelligence,Personalized
229f013e947096baa6eb514ca96aabcf,Artificial Intelligence,Personalized
fc3cf25b43b36b2494ab7dd930f9af28,Health Data Science,Personalized
d11253101fb34fd9ae21899adfcd7900,Artificial Intelligence,Personalized
440f37680a963181d71d250a6de5b34e,Data Science,Personalized
8598b6e6a7f6ed2b6326c9dee4f581b3,Data Science,Personalized
51cd7dfff053b666da22b2b4f2834227,Data Science,Personalized
b85fef9e4040ee4c61fd7d84cf559ac6,Data Science,Personalized
a4cbd4a0b7fb6e2c9faaaebbc72f8d5c,Data Science,Personalized
5ec56450b048a6b3396b31e47d349411,Data Science,Personalized
1b9a0b6c0d24d9d4151968326220f87d,Data Science,Personalized
b8bc5b81ac0e4bf185e1a5a4e7d931dc,Data Science,Personalized
ddc1459bb8e291e678e24ce940631f16,Data Science,Personalized
0729d223b6e2f5ec2436d24e751daca3,Data Science,Personalized
5b6c7e4013ed41da6c18ee788e2fcbb8,Data Engineering,Personalized
0b55fa4cb8040f0f51d3bd7b8fca1ef7,Data Science,Personalized
a801e63ede8d66c29333da8c53fc6216,Data Science,Personalized
d1893d93676e8de78b3f12895d5ba2d9,Data Science,Personalized
bf42f7ef129f820e02b6cc8dc6c051ee,Data Science,Personalized
4da7c63ded9913300deb0eb7c4ae7a74,Data Engineering,Personalized
